{"playerPos":{"x":-6.467886924743652,"y":0.0000998377799987793,"z":5.965372085571289},"playerRot":{"x":0.0,"y":356.40008544921877,"z":0.0},"money":5,"hp":100.0,"inventoryArrayNumber":[0,0],"inventoryItemName":["Health Buff","Health Buff"],"inventoryItemNumber":[1,1]}